[
    {
        "id": "00",
        "firstname": "WOOOOOPS",
        "lastname": "Loo",
        "address": "123 gtrrat",
        "gender": "M"
    },
    {
        "id": "01",
        "firstname": "Chini",
        "lastname": "Loo",
        "address": "123 gtrrat",
        "gender": "M"
    },
    {
        "id": "this",
        "firstname": "is ",
        "lastname": "a",
        "address": "new",
        "gender": "entry"
    },
    {
        "id": "is ",
        "firstname": "this",
        "lastname": "still ",
        "address": "working",
        "gender": "huh?"
    }
]